iso3,unclassified,budget_support,curriculum,infrastructure,teacher_training
AFG,1,0,0,0,0
AGO,0.8905782096144246,0.01620141387385144,0.012445921636685798,0.03656244907727657,0.04421200579776165
AIA,0.99767520268469,0,0,0.0023247973153099465,0
ALB,0.788865062503503,0.005286554736705813,1.664986657810134e-4,0.13174652901447265,0.07393535507953765
ARG,0.48351464396403626,0.29774717255401334,0.001391271489696831,0.18179360182941973,0.03555331016283379
ARM,0.8249789803480978,0.06590309248984354,0.004264407014661926,0.06811144927231978,0.036742070875076915
ATG,0.6621740551908174,0,0.001776515184985553,0.30186841151885196,0.03418101810534501
AZE,0.937457350479716,0.015653684877369366,0.0011505052018266123,0.020047889924397475,0.025690569516690635
BDI,0.8919908622006565,0.013685481830492563,0.0029988635152626607,0.05424525699779237,0.03707953545579585
BEN,0.8345416317350643,0.025885044818279124,0.00236135227889377,0.08431753409181417,0.05289443707594856
BFA,0.7668417369254413,0.014301946389578112,1.893936969144334e-4,0.1438353168742878,0.0748316061137783
BGD,0.669451777086524,0.11135033392952107,0.003304788094096643,0.12246333159787588,0.09342976929198245
BIH,0.9100418553225744,0.014949324652587257,0.005246677946780595,0.05143573389396648,0.018326408184091134
BLR,0.9508267151931736,0.0014374185145213999,0.00204514477319814,0.03031739634511275,0.015373325173994104
BLZ,0.3989958903075205,0.006220261673597563,0,0.0796128500721084,0.5151709979467737
BOL,0.6785592828333683,0.10442252253608537,0.004555453671081275,0.06028583608287876,0.15217690487658622
BRA,0.7519982813916811,0.1550568379752167,3.8675288384162107e-4,0.062257720470082156,0.03030040727917844
BRB,0.1702833153974833,0.49090172930007564,0,0.338814955302441,0
BTN,0.7891267638414178,0.07651432811648465,0.002521383442681179,0.12313911883344825,0.008698405765968215
BWA,0.15394164206581826,0.7983760864705763,0.002720175306801872,0.03160721078826539,0.013354885368538157
CAF,0.878161104918647,0.007504830762437787,2.665025227308686e-4,0.09864542974907994,0.01542213204710433
CHL,0.7475720193060277,0.010158288166274246,7.869021329828158e-4,0.17444103971621258,0.06704175067850267
CHN,0.8847571982921479,0.0024427314027451763,0.006607978944381769,0.09061874329906938,0.015573348061655787
CIV,0.8109017436381193,0.06221553509997803,2.5984725467093206e-5,0.1169550265860335,0.00990170995040205
CMR,0.9508269693945548,0.0025160845342777345,1.911837223359418e-4,0.03720305924241081,0.009262703106420828
COD,0.807405045665754,0.003940011472803876,7.066651102381114e-4,0.11405876879035064,0.073889508960853445
COG,0.9333013952402486,0.0011639986075150377,1.1632954188144961e-4,0.06341900048065624,0.0019992761296987937
COK,0.2787938106525732,0.2556359929190914,0.006067523333265253,0.24457293419990503,0.2149297388951652
COL,0.8775771229037779,0.004366652940250501,2.1817708398162405e-4,0.07797342786818938,0.039864619203800626
COM,0.9623663347823593,0.0013982022624003776,0,0.02886277441603861,0.007372688539201718
CPV,0.8610167886842518,0.001540459111825502,8.164846321740406e-4,0.09086732070921952,0.04575894686252918
CRI,0.5610496327691965,0.14171510029119333,6.512190074809234e-5,0.2726342086001304,0.024535936438731632
CUB,0.8619681876313073,0.006968627265165424,0.0017202439196884391,0.11121010078128445,0.018132840402554386
DJI,0.7644836026636042,0.030792265843146996,0,0.11970585171383914,0.08501827977940966
DMA,0.573370464908621,0.0033928180297666606,0.0014604099270899785,0.14906191630808371,0.2727143908264387
DOM,0.6540050687491836,0.05464343175409822,0.005890307627318652,0.16662668446478726,0.11883450740461228
DZA,0.9813490098514744,0.0020562439605807774,3.1799814238976683e-5,0.014191108749905968,0.0023718376237998793
ECU,0.5322939203144557,0.010062550595832446,0.005159780932484164,0.14007224159802595,0.31241150655920186
EGY,0.8305007915204049,0.013302814321298291,0.004319590627549042,0.10101906210876635,0.0508577414219815
ERI,0.6441708825764453,0.005571114395573113,0,0.28787078589789233,0.06238721713008931
ETH,0.6462720416828206,0.15808009642377896,0.0011610844275163864,0.07241050031879848,0.12207627714708565
FJI,0.40473896228113343,0.007760609722864776,0.001036002187163847,0.5719472891999401,0.014517136608897793
GAB,0.9364241114656098,7.23537304456697e-4,0,0.062082403443549476,7.699477863840132e-4
GEO,0.6473010415784631,0.09142445523659183,0.0017018399508183953,0.1942340712527552,0.06533859198137143
GHA,0.7031630212205804,0.0857552196898081,4.296011858718531e-4,0.13007139384550204,0.08058076405823769
GIN,0.7619582120466437,0.0022670447384955167,0,0.22322678905664192,0.012547954158218744
GMB,0.8120959802662894,0.0158978896254414,0.003812287579973241,0.12493878036438458,0.043255062163911465
GNB,0.8064596527888074,0.031103932724351635,0.003113897250862179,0.08881170355065819,0.07051081368532067
GNQ,0.9530471561941997,0.014983291619205402,0.0017151000332317353,0.026720630953137512,0.003533821200225592
GRD,0.180458394004953,1.4265057631340485e-4,0,0.8146789078798227,0.00472004753891092
GTM,0.6967678349899402,0.05500705142571455,9.243648942393532e-4,0.11299106296847933,0.13430968572162658
GUY,0.795491330490107,0.0011948701162502464,0,0.09480355360922375,0.10851024578441905
HND,0.692276402616959,0.006348428954621492,2.3188633963790547e-4,0.15666915170076715,0.1444741303880144
HRV,0.36909572993849527,6.315896608404844e-4,0.006882589788974021,0.12260186437224554,0.5007882262394446
HTI,0.642765768978652,0.02509802853487151,0.0010552538201376311,0.2207108956835638,0.1103700529827751
IDN,0.5471280470354021,0.12789822950326127,4.5798432547729554e-4,0.13666424872451924,0.18785149041134014
IND,0.7607673399653323,0.0389252906392799,0.001065149390186906,0.06276842096871392,0.13647379903648704
IRN,0.983539426451524,3.5907514793605846e-4,2.0985002354442623e-5,0.009912062971552608,0.00616845042663289
IRQ,0.7076343768655093,0.007166689236366038,0.004291415009760484,0.2682013713304928,0.012706147557871295
JAM,0.49350517104099023,0.2932732822359237,0.02558458131462303,0.1391653461181795,0.04847161929028364
JOR,0.49531815784167127,0.2834328031295222,0.005846108788016941,0.14114178939867394,0.07426114084211569
KAZ,0.7428803607221048,0.004892145419432956,2.2852813525175912e-5,0.22443374831203403,0.02777089273290294
KEN,0.7036850711018959,0.09008105819311661,0.0052029946601892365,0.1510598957856544,0.04997098025914382
KGZ,0.5686256342450712,0.04100163812845296,0.015516537280267991,0.33057257392852807,0.04428361641767968
KHM,0.6377130618896473,0.1792348389216209,0.005888796885263495,0.09977518747564433,0.07738811482782394
KIR,0.3690259004648739,0.16408336852694227,0.08617988147103309,0.14253203180597446,0.23817881773117636
KNA,0.733747922330213,0,0,0.26625207766978704,0
LAO,0.7073652223707343,0.05035616128932973,0.006581373015747602,0.0968662411982127,0.13883100212597557
LBN,0.597789588403962,0.19447319516286132,0.008348218763555675,0.11507098859067184,0.0843180090789492
LBR,0.5673347057777464,0.01596870772785897,0.004770449235635408,0.22148357621984446,0.19044256103891483
LBY,0.8444697834143055,0.029775961159794858,0,0.11361929215690346,0.012134963268996253
LCA,0.8129834595501435,0.06545177728934935,0,0.12024559512399122,0.0013191680365158514
LKA,0.5831777981142524,0.17078662161618874,0.018740742527334427,0.15544971662905224,0.07184512111317212
LSO,0.659603869845423,0.04775015766915648,5.860935106161315e-4,0.22560078526244,0.06645909371236441
MAR,0.9221844905390713,0.03608682594625547,2.0913968322399835e-4,0.031928614438818656,0.009590929392630693
MDA,0.4326304070668536,0.0062309755499567795,0,0.5496548545617606,0.011483762821429171
MDG,0.8062400540485235,0.05140081546279397,0.0018082275554548563,0.07426691159044217,0.06628399134278545
MDV,0.961178201151004,0.00655225478664802,0,0.029156668314188755,0.0031128757481592587
MEX,0.40389984803057427,0.3859769536233524,7.484881158755934e-5,0.15521015936149124,0.054838190172994516
MHL,0.9523693434277115,0.00458588575451195,0.0029240023405090743,0.040120768477267456,0
MKD,0.7432394164148752,0.020979813987306847,0.008769676030273267,0.20483446932579905,0.02217662424174551
MLI,0.7478409535989476,0.018487424866920003,0.03438383700559635,0.09280925750896385,0.10647852701957218
MMR,0.5413884358421681,0.17426175369014876,0.03929254917632671,0.13330635580633984,0.11175090548501661
MNE,0.7331622920572543,0.02736083372796886,0.014340790744886402,0.19722051471858937,0.02791556875130104
MNG,0.7426419867320511,0.02901205617598633,0.00207211773957931,0.14551437007892912,0.08075946927345411
MOZ,0.6247781668450492,0.1378369593287916,0.001574846701023517,0.12205334311975692,0.11375668400537886
MRT,0.8706868628840131,0.018562708053571016,0,0.10466823778630188,0.00608219127611402
MSR,0.3900771726905672,0.00461552492901215,0,0.6053073023804206,0
MUS,0.8086963092975274,0.01585620372092415,0,0.17074423077993764,0.004703256201610821
MWI,0.5406050579678487,0.11233196863334144,0.005990274127849243,0.18832735840760778,0.1527453408633528
MYS,0.9557672732415378,0.0016127399909806708,3.7166528018237597e-4,0.011651987850030382,0.030596333637268745
MYT,0.9574309127712602,0.007766977593156687,0,0.03375620644504151,0.0010459031905415894
NAM,0.5272070542267638,0.3494297023628106,0.0016348108348667254,0.07646590311161763,0.04526252946394125
NER,0.9145103881048059,0.0029610878578634793,5.182688176752991e-4,0.04102994070850631,0.04098031451114898
NGA,0.8708004369309654,0.015990966195184086,0.023072352380259977,0.027812436169478576,0.06232380832411202
NIC,0.7687691638670047,0.015340486045086863,0.008281706654608093,0.15003084947956308,0.05757779395373732
NIU,0.552146865025898,0.029219372949959688,0.01960851477685622,0.19467272521452947,0.20435252203275647
NPL,0.6753471214589821,0.10719675955703434,0.002368608634231867,0.15752926209051163,0.05755824825924003
NRU,0.7682652562372121,0.21696950306509954,0.005416501181861811,0.0047765683431111585,0.004572171172715419
OMN,0.8065841554027616,0.05460872522319293,0,0.11119263910129641,0.027614480272748966
PAK,0.6658802722101274,0.09118130229143104,0.010396628437366889,0.16711654375093676,0.065425253310138
PAN,0.1719267100184232,0.40624649356390957,0.20855567384001333,0.1178744739255558,0.09539664865209815
PER,0.40046400166284596,0.4631556885655559,0.001213809056737183,0.07217886882271365,0.0629876318921473
PHL,0.6587187868133122,0.12165371415510919,5.434187593778741e-4,0.11772585328178282,0.10135822699041803
PLW,0.786490347425621,0.040551709107978076,0.027213410384689996,0.09973788009780701,0.046006652983903995
PNG,0.33476683746561475,0.04061238001899906,5.582207193520547e-4,0.30928677247228376,0.31477578932375033
PRK,0.8962479068960586,0.005029817971058542,0,0.01479163073038829,0.08393064440249451
PRY,0.4368075147297817,0.35933372485461323,5.647953306028925e-4,0.04959086624687979,0.15370309883812228
PSE,0.4006644046145988,0.47469165464043844,0.004280166855341523,0.07294168488010619,0.04742208900951502
RWA,0.8010392362504669,0.020477868393294404,0.003841514309685291,0.1351155050035977,0.03952587604295568
SDN,0.7788819157255467,0.02587934381441979,0.006161633841744687,0.14639875434260036,0.04267835227568846
SEN,0.7418883576516647,0.054383374559796124,5.155852134723785e-4,0.09035990127551548,0.11285278129955136
SHN,0.902233102894447,0.01333838847352382,0,0.07657004825543148,0.007858460376597745
SLB,0.4894709007475928,0.2596778788881293,8.78664244148457e-4,0.21577995042637602,0.034192605693753424
SLE,0.7456263203352544,0.0428505289634083,1.668393982064051e-4,0.1254888188748213,0.08586749242830949
SLV,0.5014689653973647,0.037935582119370044,0.009496526078954971,0.18662302289447263,0.26447590350983763
SOM,0.6994651672739823,0.03491045413424023,0.013644874437510408,0.18035776065824652,0.07162174349602042
SRB,0.73105967958994,0.053719980986174726,0.006955485222755974,0.13545045494808616,0.07281439925304317
SSD,0.6837551681117318,0.01681017676994131,0.002502590930707801,0.18173205222254588,0.11520001196507335
STP,0.8530841106396667,0.05405414732943182,0.02799354412587066,0.028770724374180955,0.03609747353084979
SUR,0.5194470945969383,0.0015527563976477914,0.2927205876239995,0.015810835662742006,0.17046872571867247
SWZ,0.6201344501928318,0.01729006660257815,0,0.31822216851716106,0.04435331468742914
SYC,0.9322982884281956,0,0,0.06770171157180428,0
SYR,0.8035888763841939,0.09494598076927761,0.002780151495219701,0.05610125754826106,0.042583733803047766
TCD,0.9381492734160923,0.002772546390467884,0.0220904353428413,0.035704995111899396,0.0012827497386991603
TGO,0.9349323440845899,0.0037455454974507415,1.9837273660533317e-4,0.045891220981148825,0.015232516700205154
THA,0.8696477661139659,0.003734431333456367,0.0015003039107800784,0.06949763019175437,0.05561986845004329
TJK,0.46865041193272156,0.014271306637608469,2.589049185256802e-4,0.33698807789750057,0.17983129861364372
TKL,0.9649774822443542,0,0,0,0.03502251775564578
TKM,0.7171343807342216,0.006197505494232835,0.005762393456954367,0.20082976140419823,0.07007595891039288
TLS,0.6439730416262635,0.05559645851915453,0.015215462565340737,0.16368833720844375,0.12152670008079762
TON,0.6595662998940858,0.09740696204280883,0.011791298922073671,0.10060899956763028,0.13062643957340145
TTO,0.014334179598655525,0.9420857034266835,0,0.003055649047561331,0.040524467927099704
TUN,0.9342778592486602,0.0013008684501910014,1.648045463577253e-4,0.06055233082836346,0.0037041369264274935
TUR,0.675172240176368,0.06941290532239902,0.01571878998735454,0.17900596083421375,0.06069010367966477
TUV,0.47969715499629006,0.10745941481218935,0.006557903931582626,0.20362602919657097,0.20265949706336692
TZA,0.5592433814340103,0.07549921562689639,0.00302543845534303,0.14348021222060892,0.21875175226314145
UGA,0.6880813763492367,0.040306673366213804,0.005203083888550938,0.10793267095165371,0.15847619544434485
UKR,0.941182148690772,0.002711338236260468,3.942428610468985e-4,0.030161950154117406,0.02555032005780322
URY,0.48051612545189343,0.06502233781148087,2.2390111047533145e-4,0.033311978246661815,0.4209256573794885
UZB,0.6552637974746953,0.07358045230631018,0.011715155297554736,0.22008507195574722,0.0393555229656926
VCT,0.4888952230401397,0.0639127146388308,0.009948140641897934,0.3361404220433625,0.1011034996357691
VEN,0.9038166908470351,0.00245508061676584,3.4624609743636596e-5,0.022738219916575445,0.07095538400987997
VNM,0.7454625628712398,0.049830598154127805,0.0028386057245926894,0.11235402182937843,0.0895142114206613
VUT,0.5013444931768818,0.17375771202306065,9.895974545656512e-4,0.1590583864588313,0.16484981088666062
WLF,0.9807375040199762,0.003204311975575417,1.9482459281433589e-4,0.013852648761669991,0.0020107106499642063
WSM,0.6114834480694912,0.09902790397423027,0.001177465316938745,0.17077121499117903,0.1175399676481608
XKX,0.7729508656170676,0.018684951360259553,0.009641780011224298,0.10779687424822415,0.09092552876322438
YEM,0.7173406394689287,0.07183701767222875,8.21902233698582e-6,0.14596619502746117,0.06484792880904441
ZAF,0.6573003225091674,0.1402844811703813,0.0028871741043998422,0.07311630425434032,0.12641171796171122
ZMB,0.632800142518999,0.18401396061571948,4.276412697959691e-4,0.03721375237058116,0.14554450322490436
ZWE,0.7994497030396497,0.01299585694581138,0.0024477925709188828,0.0497257330604499,0.13538091438317018
