iso3,dominant_bucket,dominant_share,country_total_usd_defl
AGO,teacher_training,0.04421200579776165,389.98429699999997
AIA,infrastructure,0.0023247973153099465,0.255076
ALB,infrastructure,0.13174652901447265,633.728802
ARG,budget_support,0.29774717255401334,2775.949934
ARM,infrastructure,0.06811144927231978,379.832646
ATG,infrastructure,0.30186841151885196,2.26342
AZE,teacher_training,0.025690569516690635,772.159916
BDI,infrastructure,0.05424525699779237,281.611349
BEN,infrastructure,0.08431753409181417,664.2528580000001
BFA,infrastructure,0.1438353168742878,983.369579
BGD,infrastructure,0.12246333159787588,6146.210414
BIH,infrastructure,0.05143573389396648,516.6425360000001
BLR,infrastructure,0.03031739634511275,501.63539199999997
BLZ,teacher_training,0.5151709979467737,40.127089999999995
BOL,teacher_training,0.15217690487658622,500.107819
BRA,budget_support,0.1550568379752167,3811.4234220000003
BRB,budget_support,0.49090172930007564,0.46926500000000004
BTN,infrastructure,0.12313911883344825,63.332295
BWA,budget_support,0.7983760864705763,178.034849
CAF,infrastructure,0.09864542974907994,132.974351
CHL,infrastructure,0.17444103971621258,502.368698
CHN,infrastructure,0.09061874329906938,8137.696178
CIV,infrastructure,0.1169550265860335,796.313974
CMR,infrastructure,0.03720305924241081,1333.9786299999998
COD,infrastructure,0.11405876879035064,1430.265886
COG,infrastructure,0.06341900048065624,280.152397
COK,budget_support,0.2556359929190914,37.455645
COL,infrastructure,0.07797342786818938,1869.6601520000002
COM,infrastructure,0.02886277441603861,176.177658
CPV,infrastructure,0.09086732070921952,287.146862
CRI,infrastructure,0.2726342086001304,683.74847
CUB,infrastructure,0.11121010078128445,98.115737
DJI,infrastructure,0.11970585171383914,206.00358
DMA,teacher_training,0.2727143908264387,8.870797
DOM,infrastructure,0.16662668446478726,606.16138
DZA,infrastructure,0.014191108749905968,1515.920805
ECU,teacher_training,0.31241150655920186,851.880934
EGY,infrastructure,0.10101906210876635,2685.866324
ERI,infrastructure,0.28787078589789233,166.18991
ETH,budget_support,0.15808009642377896,3960.3907269999995
FJI,infrastructure,0.5719472891999401,219.36536700000002
GAB,infrastructure,0.062082403443549476,350.912107
GEO,infrastructure,0.1942340712527552,728.594366
GHA,infrastructure,0.13007139384550204,1593.23117
GIN,infrastructure,0.22322678905664192,551.566089
GMB,infrastructure,0.12493878036438458,129.34779699999999
GNB,infrastructure,0.08881170355065819,173.574128
GNQ,infrastructure,0.026720630953137512,61.666957000000004
GRD,infrastructure,0.8146789078798227,17.728635
GTM,teacher_training,0.13430968572162658,903.24287
GUY,teacher_training,0.10851024578441905,62.9332
HND,infrastructure,0.15666915170076715,560.688483
HRV,teacher_training,0.5007882262394446,61.467124000000005
HTI,infrastructure,0.2207108956835638,1057.641279
IDN,teacher_training,0.18785149041134014,3908.917621
IND,teacher_training,0.13647379903648704,7093.544876999999
IRN,infrastructure,0.009912062971552608,1069.0492009999998
IRQ,infrastructure,0.2682013713304928,840.6551199999999
JAM,budget_support,0.2932732822359237,314.505049
JOR,budget_support,0.2834328031295222,3890.030758
KAZ,infrastructure,0.22443374831203403,481.34117000000003
KEN,infrastructure,0.1510598957856544,1392.014498
KGZ,infrastructure,0.33057257392852807,692.8394400000001
KHM,budget_support,0.1792348389216209,1148.760287
KIR,teacher_training,0.23817881773117636,125.699906
KNA,infrastructure,0.26625207766978704,0.335111
LAO,teacher_training,0.13883100212597557,859.5046940000001
LBN,budget_support,0.19447319516286132,2648.846853
LBR,infrastructure,0.22148357621984446,557.528834
LBY,infrastructure,0.11361929215690346,128.804675
LCA,infrastructure,0.12024559512399122,26.745645
LKA,budget_support,0.17078662161618874,1346.65534
LSO,infrastructure,0.22560078526244,77.383556
MAR,budget_support,0.03608682594625547,4544.068276999999
MDA,infrastructure,0.5496548545617606,612.1694699999999
MDG,infrastructure,0.07426691159044217,627.927606
MDV,infrastructure,0.029156668314188755,34.431506
MEX,budget_support,0.3859769536233524,4043.177087
MHL,infrastructure,0.040120768477267456,77.723262
MKD,infrastructure,0.20483446932579905,307.77727600000003
MLI,teacher_training,0.10647852701957218,1173.534181
MMR,budget_support,0.17426175369014876,1116.544152
MNE,infrastructure,0.19722051471858937,90.634263
MNG,infrastructure,0.14551437007892912,684.436011
MOZ,budget_support,0.1378369593287916,2137.829668
MRT,infrastructure,0.10466823778630188,322.986225
MSR,infrastructure,0.6053073023804206,19.681185
MUS,infrastructure,0.17074423077993764,183.024263
MWI,infrastructure,0.18832735840760778,1232.593007
MYS,teacher_training,0.030596333637268745,366.13589500000006
MYT,infrastructure,0.03375620644504151,427.85986699999995
NAM,budget_support,0.3494297023628106,456.378184
NER,infrastructure,0.04102994070850631,791.980891
NGA,teacher_training,0.06232380832411202,2212.30372
NIC,infrastructure,0.15003084947956308,503.17056299999996
NIU,teacher_training,0.20435252203275647,11.590016
NPL,infrastructure,0.15752926209051163,1997.359518
NRU,budget_support,0.21696950306509954,41.957527999999996
OMN,infrastructure,0.11119263910129641,2.070182
PAK,infrastructure,0.16711654375093676,6353.968154
PAN,budget_support,0.40624649356390957,349.099119
PER,budget_support,0.4631556885655559,1371.836032
PHL,budget_support,0.12165371415510919,2894.8945409999997
PLW,infrastructure,0.09973788009780701,8.35114
PNG,teacher_training,0.31477578932375033,663.16958
PRK,teacher_training,0.08393064440249451,36.743278000000004
PRY,budget_support,0.35933372485461323,288.527527
PSE,budget_support,0.47469165464043844,4683.806421
RWA,infrastructure,0.1351155050035977,1790.373651
SDN,infrastructure,0.14639875434260036,430.992342
SEN,teacher_training,0.11285278129955136,1834.666657
SHN,infrastructure,0.07657004825543148,35.952844
SLB,budget_support,0.2596778788881293,258.646009
SLE,infrastructure,0.1254888188748213,409.9811
SLV,teacher_training,0.26447590350983763,660.046521
SOM,infrastructure,0.18035776065824652,495.547836
SRB,infrastructure,0.13545045494808616,774.57112299999994
SSD,infrastructure,0.18173205222254588,724.1075549999999
STP,budget_support,0.05405414732943182,79.97243900000001
SUR,curriculum,0.2927205876239995,65.675466
SWZ,infrastructure,0.31822216851716106,87.258484
SYC,infrastructure,0.06770171157180428,13.082653
SYR,budget_support,0.09494598076927761,1878.647264
TCD,infrastructure,0.035704995111899396,281.578697
TGO,infrastructure,0.045891220981148825,293.92647900000003
THA,infrastructure,0.06949763019175437,450.104139
TJK,infrastructure,0.33698807789750057,340.086239
TKL,teacher_training,0.03502251775564578,8.079402
TKM,infrastructure,0.20082976140419823,57.109429
TLS,infrastructure,0.16368833720844375,412.978769
TON,teacher_training,0.13062643957340145,106.73734999999999
TTO,budget_support,0.9420857034266835,36.96988699999999
TUN,infrastructure,0.06055233082836346,2383.890546
TUR,infrastructure,0.17900596083421375,3471.014502
TUV,infrastructure,0.20362602919657097,34.654823
TZA,teacher_training,0.21875175226314145,2277.679451
UGA,teacher_training,0.15847619544434485,1556.734078
UKR,infrastructure,0.030161950154117406,1531.8704779999998
URY,teacher_training,0.4209256573794885,234.036356
UZB,infrastructure,0.22008507195574722,437.268894
VCT,infrastructure,0.3361404220433625,32.294075
VEN,teacher_training,0.07095538400987997,186.42809400000002
VNM,infrastructure,0.11235402182937843,3028.810562
VUT,budget_support,0.17375771202306065,229.651965
WLF,infrastructure,0.013852648761669991,626.8818439999999
WSM,infrastructure,0.17077121499117903,193.010356
XKX,infrastructure,0.10779687424822415,384.423104
YEM,infrastructure,0.14596619502746117,1009.974138
ZAF,budget_support,0.1402844811703813,1041.730388
ZMB,budget_support,0.18401396061571948,600.430824
ZWE,teacher_training,0.13538091438317018,471.22048399999994
